Chapter_Number,Chapter_English,Hadith_number,English_Hadith,English_Grade
8.0,Prayers (Salat),349,"Narrated Abu Dhar: Allah's Messenger (ﷺ) said, ""While I was at Mecca the roof of my house was opened and Gabriel descended,opened my chest, and washed it with Zamzam water. Then he brought a golden tray full of wisdomand faith and having poured its contents into my chest, he closed it. Then he took my hand andascended with me to the nearest heaven, when I reached the nearest heaven, Gabriel said to thegatekeeper of the heaven, 'Open (the gate).' The gatekeeper asked, 'Who is it?' Gabriel answered:'Gabriel.' He asked, 'Is there anyone with you?' Gabriel replied, 'Yes, Muhammad I is with me.' Heasked, 'Has he been called?' Gabriel said, 'Yes.' So the gate was opened and we went over the nearestheaven and there we saw a man sitting with some people on his right and some on his left. When helooked towards his right, he laughed and when he looked toward his left he wept. Then he said,'Welcome! O pious Prophet and pious son.' I asked Gabriel, 'Who is he?' He replied, 'He is Adam andthe people on his right and left are the souls of his offspring. Those on his right are the people ofParadise and those on his left are the people of Hell and when he looks towards his right he laughs andwhen he looks towards his left he weeps.'Then he ascended with me till he reached the second heaven and he (Gabriel) said to its gatekeeper,'Open (the gate).' The gatekeeper said to him the same as the gatekeeper of the first heaven had saidand he opened the gate. Anas said: ""Abu Dhar added that the Prophet (ﷺ) met Adam, Idris, Moses, Jesusand Abraham, he (Abu Dhar) did not mention on which heaven they were but he mentioned that he(the Prophet (ﷺ) ) met Adam on the nearest heaven and Abraham on the sixth heaven. Anas said, ""WhenGabriel along with the Prophet (ﷺ) passed by Idris, the latter said, 'Welcome! O pious Prophet and piousbrother.' The Prophet (ﷺ) asked, 'Who is he?' Gabriel replied, 'He is Idris."" The Prophet (ﷺ) added, ""I passedby Moses and he said, 'Welcome! O pious Prophet and pious brother.' I asked Gabriel, 'Who is he?'Gabriel replied, 'He is Moses.' Then I passed by Jesus and he said, 'Welcome! O pious brother andpious Prophet.' I asked, 'Who is he?' Gabriel replied, 'He is Jesus.Then I passed by Abraham and he said, 'Welcome! O pious Prophet and pious son.' I asked Gabriel,'Who is he?' Gabriel replied, 'He is Abraham. The Prophet (ﷺ) added, 'Then Gabriel ascended with me to aplace where I heard the creaking of the pens."" Ibn Hazm and Anas bin Malik said: The Prophet (ﷺ) said,""Then Allah enjoined fifty prayers on my followers when I returned with this order of Allah, I passedby Moses who asked me, 'What has Allah enjoined on your followers?' I replied, 'He has enjoinedfifty prayers on them.' Moses said, 'Go back to your Lord (and appeal for reduction) for your followerswill not be able to bear it.' (So I went back to Allah and requested for reduction) and He reduced it tohalf. When I passed by Moses again and informed him about it, he said, 'Go back to your Lord as yourfollowers will not be able to bear it.' So I returned to Allah and requested for further reduction andhalf of it was reduced. I again passed by Moses and he said to me: 'Return to your Lord, for yourfollowers will not be able to bear it. So I returned to Allah and He said, 'These are five prayers andthey are all (equal to) fifty (in reward) for My Word does not change.' I returned to Moses and he toldme to go back once again. I replied, 'Now I feel shy of asking my Lord again.' Then Gabriel took metill we '' reached Sidrat-il-Muntaha (Lote tree of; the utmost boundary) which was shrouded in colors,indescribable. Then I was admitted into Paradise where I found small (tents or) walls (made) of pearlsand its earth was of musk.""",Sahih-Authentic
8.0,Prayers (Salat),350,"Narrated `Aisha: the mother of believers: Allah enjoined the prayer when He enjoined it, it was two rak`at only (inevery prayer) both when in residence or on journey. Then the prayers offered on journey remained thesame, but (the rak`at of) the prayers for non-travelers were increased.",Sahih-Authentic
8.0,Prayers (Salat),351,"Narrated Um `Atiya: We were ordered to bring out our menstruating women and veiled women in the religious gatheringsand invocation of Muslims on the two `Id festivals. These menstruating women were to keep awayfrom their Musalla. A woman asked, ""O Allah's Messenger (ﷺ) ' What about one who does not have a veil?""He said, ""Let her share the veil of her companion.""",Sahih-Authentic
8.0,Prayers (Salat),352,"Narrated Muhammad bin Al-Munkadir: Once Jabir prayed with his Izar tied to his back while his clothes were Lying beside him on a woodenpeg. Somebody asked him, ""Do you offer your prayer in a single Izar?"" He replied, ""I did so to show itto a fool like you. Had anyone of us two garments in the lifetime of the Prophet?""",Sahih-Authentic
8.0,Prayers (Salat),353,Narrated Muhammad bin Al Munkadir: I saw Jabir bin `Abdullah praying in a single garment and he said that he had seen the Prophet (ﷺ) prayingin a single garment.,Sahih-Authentic
8.0,Prayers (Salat),354,Narrated `Umar bin Abi Salama: The Prophet (ﷺ) prayed in one garment and crossed its ends.,Sahih-Authentic
8.0,Prayers (Salat),355,Narrated `Umar bin Abi Salama: I saw the Prophet (ﷺ) offering prayers in a single garment in the house of Um-Salama and he had crossedits ends around his shoulders.,Sahih-Authentic
8.0,Prayers (Salat),356,"Narrated `Umar bin Abi Salama: In the house of Um-Salama I saw Allah's Messenger (ﷺ) offering prayers, wrapped in a single garmentaround his body with its ends crossed round his shoulders.",Sahih-Authentic
8.0,Prayers (Salat),357,"Narrated Abu Murra: (the freed slave of Um Hani) Um Hani, the daughter of Abi Talib said, ""I went to Allah's Messenger (ﷺ) inthe year of the conquest of Mecca and found him taking a bath and his daughter Fatima was screeninghim. I greeted him. He asked, 'Who is she?' I replied, 'I am Um Hani bint Abi Talib.' He said,'Welcome! O Um Hani.' When he finished his bath he stood up and prayed eight rak`at while wearinga single garment wrapped round his body and when he finished I said, 'O Allah's Messenger (ﷺ) ! My brotherhas told me that he will kill a person whom I gave shelter and that person is so and so the son ofHubaira.' The Prophet (ﷺ) said, 'We shelter the person whom you have sheltered.' "" Um Hani added, ""Andthat was before noon (Duha).",Sahih-Authentic
8.0,Prayers (Salat),358,"Narrated Abu Huraira: A person asked Allah's Messenger (ﷺ) about the offering of the prayer in a single garment. Allah's Messenger (ﷺ)replied, ""Has every one of you got two garments?""",Sahih-Authentic
8.0,Prayers (Salat),359,"Narrated Abu Huraira: The Prophet (ﷺ) said, ""None of you should offer prayer in a single garment that does not cover theshoulders.""",Sahih-Authentic
8.0,Prayers (Salat),360,"Narrated Abu Huraira: Allah's Messenger (ﷺ) said, ""Whoever prays in a single garment must cross its ends (over the shoulders).",Sahih-Authentic
8.0,Prayers (Salat),361,"Narrated Sa`id bin Al-Harith: I asked Jabir bin `Abdullah about praying in a single garment. He said, ""I traveled with the Prophet (ﷺ)during some of his journeys, and I came to him at night for some purpose and I found him praying. Atthat time, I was wearing a single garment with which I covered my shoulders and prayed by his side.When he finished the prayer, he asked, 'O Jabir! What has brought you here?' I told him what Iwanted. When I finished, he asked, 'O Jabir! What is this garment which I have seen and with whichyou covered your shoulders?' I replied, 'It is a (tight) garment.' He said, 'If the garment is largeenough, wrap it round the body (covering the shoulders) and if it is tight (too short) then use it as anIzar (tie it around your waist only.)' """,Sahih-Authentic
8.0,Prayers (Salat),362,Narrated Sahl: The men used to pray with the Prophet (ﷺ) with their Izars tied around their necks as boys used to do;therefore the Prophet (ﷺ) told the women not to raise their heads till the men sat down straight (whilepraying).,Sahih-Authentic
8.0,Prayers (Salat),363,"Narrated Mughira bin Shu`ba: Once I was traveling with the Prophet (ﷺ) and he said, ""O Mughira! take this container of water."" I took itand Allah's Messenger (ﷺ) went far away till he disappeared. He answered the call of nature and was wearinga Syrian cloak. He tried to take out his hands from its sleeve but it was very tight so he took out hishands from under it. I poured water and he performed ablution like that for prayers and passed his wethands over his Khuff (socks made from thick fabric or leather) and then prayed .",Sahih-Authentic
8.0,Prayers (Salat),364,"Narrated Jabir bin `Abdullah: While Allah's Messenger (ﷺ) was carrying stones (along) with the people of Mecca for (the building of) theKa`ba wearing an Izar (waist-sheet cover), his uncle Al-`Abbas said to him, ""O my nephew! (It wouldbe better) if you take off your Izar and put it over your shoulders underneath the stones."" So he tookoff his Izar and put it over his shoulders, but he fell unconscious and since then he had never beenseen naked.",Sahih-Authentic
8.0,Prayers (Salat),365,"Narrated Abu Huraira: A man stood up and asked the Prophet (ﷺ) about praying in a single garment. The Prophet (ﷺ) said, ""Hasevery one of you two garments?"" A man put a similar question to `Umar on which he replied, ""WhenAllah makes you wealthier then you should clothe yourself properly during prayers. Otherwise onecan pray with an Izar and a Rida' (a sheet covering the upper part of the body.) Izar and a shirt, Izarand a Qaba', trousers and a Rida, trousers and a shirt or trousers and a Qaba', Tubban and a Qaba' orTubban and a shirt."" (The narrator added, ""I think that he also said a Tubban and a Rida. "")",Sahih-Authentic
8.0,Prayers (Salat),366,"Narrated Ibn `Umar: A person asked Allah's Messenger (ﷺ), ""What should a Muhrim wear?"" He replied, ""He should not wearshirts, trousers, a burnus (a hooded cloak), or clothes which are stained with saffron or Wars (a kind ofperfume). Whoever does not find a sandal to wear can wear Khuffs (socks made from thick fabric orleather), but these should be cut short so as not to cover the ankles.",Sahih-Authentic
8.0,Prayers (Salat),367,"Narrated Abu Sa`id Al-Khudri: Allah's Messenger (ﷺ) forbade Ishtimal-As-Samma' (wrapping one's body with a garment so that one cannotraise its end or take one's hand out of it). He also forbade Al-Ihtiba' (sitting on buttocks with kneesclose to `Abdomen and feet apart with the hands circling the knees) while wrapping oneself with asingle garment, without having a part of it over the private parts.",Sahih-Authentic
8.0,Prayers (Salat),368,"Narrated Abu Huraira: The Prophet (ﷺ) forbade two kinds of sales i.e. Al-Limais and An-Nibadh (the former is a kind of sale inwhich the deal is completed if the buyer touches a thing, without seeing or checking it properly andthe latter is a kind of a sale in which the deal is completed when the seller throws a thing towards thebuyer giving him no opportunity to see, touch or check it) and (the Prophet (ﷺ) forbade) also Ishtimal-As-Samma' and Al-Ihtiba' in a single garment.",Sahih-Authentic
8.0,Prayers (Salat),369,"Narrated Abu Huraira: On the Day of Nahr (10th of Dhul-Hijja, in the year prior to the last Hajj of the Prophet (ﷺ) when AbuBakr was the leader of the pilgrims in that Hajj) Abu Bakr sent me along with other announcers toMina to make a public announcement: ""No pagan is allowed to perform Hajj after this year and nonaked person is allowed to perform the Tawaf around the Ka`ba. Then Allah's Messenger (ﷺ) sent `Ali toread out the Surat Bara'a (at-Tauba) to the people; so he made the announcement along with us on theday of Nahr in Mina: ""No pagan is allowed to perform Hajj after this year and no naked person isallowed to perform the Tawaf around the Ka`ba.""",Sahih-Authentic
8.0,Prayers (Salat),370,"Narrated Muhammad bin Al-Munkadir: I went to Jabir bin `Abdullah and he was praying wrapped in a garment and his Rida was Lying besidehim. When he finished the prayers, I said ""O `Abdullah! You pray (in a single garment) while yourRida' is lying beside you."" He replied, ""Yes, I did it intentionally so that the ignorant ones like youmight see me. I saw the Prophet (ﷺ) praying like this. """,Sahih-Authentic
8.0,Prayers (Salat),371,"Narrated `Abdul `Aziz: Anas said, 'When Allah's Messenger (ﷺ) invaded Khaibar, we offered the Fajr prayer there (early in themorning) when it was still dark. The Prophet (ﷺ) rode and Abu Talha rode too and I was riding behindAbu Talha. The Prophet (ﷺ) passed through the lane of Khaibar quickly and my knee was touching thethigh of the Prophet (ﷺ) . He uncovered his thigh and I saw the whiteness of the thigh of the Prophet.When he entered the town, he said, 'Allahu Akbar! Khaibar is ruined. Whenever we approach near a(hostile) nation (to fight) then evil will be the morning of those who have been warned.' He repeatedthis thrice. The people came out for their jobs and some of them said, 'Muhammad (has come).' (Someof our companions added, ""With his army."") We conquered Khaibar, took the captives, and the bootywas collected. Dihya came and said, 'O Allah's Prophet! Give me a slave girl from the captives.' TheProphet said, 'Go and take any slave girl.' He took Safiya bint Huyai. A man came to the Prophet (ﷺ) andsaid, 'O Allah's Messenger (ﷺ)s! You gave Safiya bint Huyai to Dihya and she is the chief mistress of thetribes of Quraidha and An-Nadir and she befits none but you.' So the Prophet (ﷺ) said, 'Bring him alongwith her.' So Dihya came with her and when the Prophet (ﷺ) saw her, he said to Dihya, 'Take any slavegirl other than her from the captives.' Anas added: The Prophet (ﷺ) then manumitted her and married her.""Thabit asked Anas, ""O Abu Hamza! What did the Prophet (ﷺ) pay her (as Mahr)?"" He said, ""Her self washer Mahr for he manumitted her and then married her."" Anas added, ""While on the way, Um Sulaimdressed her for marriage (ceremony) and at night she sent her as a bride to the Prophet (ﷺ) . So theProphet was a bridegroom and he said, 'Whoever has anything (food) should bring it.' He spread out aleather sheet (for the food) and some brought dates and others cooking butter. (I think he (Anas)mentioned As-Sawaq). So they prepared a dish of Hais (a kind of meal). And that was Walima (themarriage banquet) of Allah's Messenger (ﷺ) .""",Sahih-Authentic
8.0,Prayers (Salat),372,Narrated `Aisha: Allah's Messenger (ﷺ) used to offer the Fajr prayer and some believing women covered with their veilingsheets used to attend the Fajr prayer with him and then they would return to their homes unrecognized.,Sahih-Authentic
8.0,Prayers (Salat),373,"Narrated `Aisha: the Prophet (ﷺ) prayed in a Khamisa (a square garment) having marks. During the prayer, he looked at itsmarks. So when he finished the prayer he said, ""Take this Khamisa of mine to Abu Jahm and get mehis Inbijaniya (a woolen garment without marks) as it (the Khamisa) has diverted my attention fromthe prayer."" Narrated `Aisha:The Prophet (ﷺ) said, 'I was looking at its (Khamisa's) marks during the prayers and I was afraid that itmay put me in trial (by taking away my attention).",Sahih-Authentic
8.0,Prayers (Salat),374,"Narrated Anas: `Aisha had a Qiram (a thin marked woolen curtain) with which she had screened one side of her home.The Prophet (ﷺ) said, ""Take away this Qiram of yours, as its pictures are still displayed in front of meduring my prayer (i.e. they divert my attention from the prayer).",Sahih-Authentic
8.0,Prayers (Salat),375,"Narrated `Uqba bin 'Amir: The Prophet (ﷺ) was given a silken Farruj [??] as a present. He wore it while praying. When he hadfinished his prayer, he took it off violently as if with a strong aversion to it and said, ""It is not thedress of Allah-fearing pious people.""",Sahih-Authentic
8.0,Prayers (Salat),376,"Narrated Abu Juhaifa: I saw Allah's Messenger (ﷺ) in a red leather tent and I saw Bilal taking the remaining water with which theProphet had performed ablution. I saw the people taking the utilized water impatiently and whoevergot some of it rubbed it on his body and those who could not get any took the moisture from theothers' hands. Then I saw Bilal carrying a short spear (or stick) which he planted in the ground. TheProphet came out tucking up his red cloak, and led the people in prayer and offered two rak`at (facingthe Ka`ba) taking a short spear (or stick) as a Sutra for his prayer. I saw the people and animalspassing in front of him beyond the stick.",Sahih-Authentic
8.0,Prayers (Salat),377,"Narrated Abu Hazim: Sahl bin Sa`d was asked about the (Prophet's) pulpit as to what thing it was made of? Sahl replied:""None remains alive amongst the people, who knows about it better than I. It was made of tamarisk(wood) of the forest. So and so, the slave of so and so prepared it for Allah's Messenger (ﷺ) . When it wasconstructed and place (in the Mosque), Allah's Messenger (ﷺ) stood on it facing the Qibla and said 'AllahuAkbar', and the people stood behind him (and led the people in prayer). He recited and bowed and thepeople bowed behind him. Then he raised his head and stepped back, got down and prostrated on theground and then he again ascended the pulpit, recited, bowed, raised his head and stepped back, gotdown and prostrate on the ground. So, this is what I know about the pulpit.""Ahmad bin Hanbal said, ""As the Prophet (ﷺ) was at a higher level than the people, there is no harmaccording to the above-mentioned Hadith if the Imam is at a higher level than his followers during theprayers.""",Sahih-Authentic
8.0,Prayers (Salat),378,"Narrated Anas bin Malik: Once Allah's Messenger (ﷺ) fell off a horse and his leg or shoulder got injured. He swore that he would notgo to his wives for one month and he stayed in a Mashruba [??] (attic room) having stairs made ofdate palm trunks. So his companions came to visit him, and he led them in prayer sitting, whereas hiscompanions were standing. When he finished the prayer, he said, ""Imam is meant to be followed, sowhen he says 'Allahu Akbar,' say 'Allahu Akbar' and when he bows, bow and when he prostrates,prostrate and if he prays standing pray, standing. After the 29th day the Prophet (ﷺ) came down (from theattic room) and the people asked him, ""O Allah's Messenger (ﷺ)! You swore that you will not go to yourwives for one month."" He said, ""The month is 29 days.""",Sahih-Authentic
8.0,Prayers (Salat),379,"Narrates `Abdullah bin Shaddad: Maimuna said, ""Allah's Messenger (ﷺ) was praying while I was in my menses, sitting beside him andsometimes his clothes would touch me during his prostration."" Maimuna added, ""He prayed on aKhumra (a small mat sufficient just for the face and the hands while prostrating during prayers).",Sahih-Authentic
8.0,Prayers (Salat),380,"Narrated 'Is-haq: Anas bin Malik said, ""My grandmother Mulaika invited Allah's Messenger (ﷺ) for a meal which she herselfhad prepared. He ate from it and said, 'Get up! I will lead you in the prayer.' "" Anas added, ""I took myHasir, washed it with water as it had become dark because of long use and Allah's Messenger (ﷺ) stood on it.The orphan (Damira or Ruh) and I aligned behind him and the old lady (Mulaika) stood behind us.Allah's Messenger (ﷺ) led us in the prayer and offered two rak`at and then left.""",Sahih-Authentic
8.0,Prayers (Salat),381,Narrated Maimuna: Allah's Messenger (ﷺ) used to pray on Khumra.,Sahih-Authentic
8.0,Prayers (Salat),382,"Narrated Abu Salama: `Aisha the wife of the Prophet (ﷺ) said, ""I used to sleep in front o Allah's Messenger (ﷺ) and my legs wereopposite his Qibla and in prostration he pushed my legs and I withdrew then and when he stood, Istretched them.' `Aisha added, ""In those days the houses were without lights.""",Sahih-Authentic
8.0,Prayers (Salat),383,Narrated `Aisha: Allah Apostle prayed while I was lying like a dead body on his family bed between him and his Qibla.,Sahih-Authentic
8.0,Prayers (Salat),384,Narrated `Urwa: The Prophet (ﷺ) prayed while `Aisha was lying between him and his Qibla on the bed on which they usedto sleep.,Sahih-Authentic
8.0,Prayers (Salat),385,Narrated Anas bin Malik: We used to pray with the Prophet (ﷺ) and some of us used to place the ends of their clothes at the place ofprostration because of scorching heat.,Sahih-Authentic
8.0,Prayers (Salat),386,"Narrated Abu Maslama: Sa`id bin Yazid Al-Azdi: I asked Anas bin Malik whether the Prophet (ﷺ) had ever, prayed with his shoeson. He replied ""Yes.""",Sahih-Authentic
8.0,Prayers (Salat),387,"Narrated Ibrahim: Hammam bin Al-Harith said, ""I saw Jarir bin `Abdullah urinating. Then he performed ablution andpassed his (wet) hands over his Khuffs (socks made from thick fabric or leather), stood up and prayed.He was asked about it. He replied that he had seen the Prophet (ﷺ) doing the same."" They approved of thisnarration as Jarir was one of those who embraced Islam very late.",Sahih-Authentic
8.0,Prayers (Salat),388,Narrated Al-Mughira bin Shu'ba: I helped the Prophet (ﷺ) in performing ablution and he passed his wethands over his Khuffs and prayed.,Sahih-Authentic
8.0,Prayers (Salat),389,"Narrated Hudhaifa that he saw a person bowing and prostrating imperfectly. When he finished his Salat, Hudhaifa told him that he had not offered Salat. The subnarrator added, ""I think that Hudhaifa also said: Were you to die you would die on a ""Sunna"" (legal way) other than that of Muhammad (ﷺ).""",Sahih-Authentic
8.0,Prayers (Salat),390,"Narrated 'Abdullah bin Malik: Ibn Buhaina, ""When the Prophet (ﷺ) prayed, he used to separate his armsfrom his body so widely that the whiteness of his armpits wasvisible.""",Sahih-Authentic
8.0,Prayers (Salat),391,"Narrated Anas bin Malik: Allah's Messenger (ﷺ) said, ""Whoever prays like us and faces our Qibla and eats our slaughtered animals is aMuslim and is under Allah's and His Apostle's protection. So do not betray Allah by betraying thosewho are in His protection.""",Sahih-Authentic
8.0,Prayers (Salat),392,"Narrated Anas bin Malik: Allah's Messenger (ﷺ) said, ""I have been ordered to fight the people till they say: 'None has the right to beworshipped but Allah.' And if they say so, pray like our prayers, face our Qibla and slaughter as weslaughter, then their blood and property will be sacred to us and we will not interfere with them exceptlegally and their reckoning will be with Allah.""",Sahih-Authentic
8.0,Prayers (Salat),393,"Narrated Abu Aiyub Al-Ansari: Narrated Maimun bin Siyah that he asked Anas binMalik, ""O Abu Hamza! What makes the life and property of a person sacred?"" He replied, ""Whoeversays, 'None has the right to be worshipped but Allah', faces our Qibla during the prayers, prays like usand eats our slaughtered animal, then he is a Muslim, and has got the same rights and obligations asother Muslims have.""",Sahih-Authentic
8.0,Prayers (Salat),394,"Narrated Abu Aiyub Al-Ansari: The Prophet (ﷺ) said, ""While defecating, neither face nor turn your back to the Qibla but face either eastor west."" Abu Aiyub added. ""When we arrived in Sham we came across some lavatories facing theQibla; therefore we turned ourselves while using them and asked for Allah's forgiveness.""",Sahih-Authentic
8.0,Prayers (Salat),395,"Narrated `Amr bin Dinar: I asked Ibn `Umar, ""Can a person who has performed the Tawaf around the Ka`ba for `Umra but hasnot performed the (Sa`i) Tawaf of Safa and Marwa, have a sexual relation with his wife?"" Ibn `Umarreplied ""When the Prophet (ﷺ) reached Mecca he performed the Tawaf around the Ka`ba(circumambulated it seven times) and offered a two-rak`at prayer (at the place) behind the station (ofAbraham) and then performed the Tawaf (Sa`i) of Safa and Marwa, and verily in Allah's Messenger (ﷺ) youhave a good example."" Then we put the same question to Jabir bin `Abdullah and he too replied, ""Heshould not go near his wife (for sexual relation) till he has finished the Tawaf of Safa and Marwa.""",Sahih-Authentic
8.0,Prayers (Salat),396,"Narrated Mujahid: Someone came to Ibn `Umar and said, ""Here is Allah's Messenger (ﷺ) entering the Ka`ba."" Ibn `Umar said,""I went there but the Prophet (ﷺ) had come out of the Ka`ba and I found Bilal standing between its twodoors. I asked Bilal, 'Did the Prophet (ﷺ) pray in the Ka`ba?' Bilal replied, 'Yes, he prayed two rak`atbetween the two pillars which are to your left on entering the Ka`ba. Then Allah's Messenger (ﷺ) came outand offered a two-rak`at prayer facing the Ka`ba.' """,Sahih-Authentic
8.0,Prayers (Salat),397,"Narrated Ibn `Abbas: When the Prophet (ﷺ) entered the Ka`ba, he invoked Allah in each and every side of it and did not praytill he came out of it, and offered a two-rak`at prayer facing the Ka`ba and said, ""This is the Qibla.""",Sahih-Authentic
8.0,Prayers (Salat),398,"Narrated Bara' bin `Azib: Allah's Messenger (ﷺ) prayed facing Baitul-Maqdis for sixteen or seventeen months but he loved to face theKa`ba (at Mecca) so Allah revealed: ""Verily, We have seen the turning of your face to the heaven!""(2:144) So the Prophet (ﷺ) faced the Ka`ba and the fools amongst the people namely ""the Jews"" said,""What has turned them from their Qibla (Baitul-Maqdis) which they formerly observed"""" (Allahrevealed): ""Say: 'To Allah belongs the East and the West. He guides whom he will to a straight path'.""(2:142) A man prayed with the Prophet (facing the Ka`ba) and went out. He saw some of the Ansarpraying the `Asr prayer with their faces towards Baitul-Maqdis, he said, ""I bear witness that I prayedwith Allah's Messenger (ﷺ) facing the Ka`ba."" So all the people turned their faces towards the Ka`ba.",Sahih-Authentic
8.0,Prayers (Salat),399,"Narrated Jabir: Allah's Messenger (ﷺ) used to pray (optional, non-obligatory prayer) while riding on his mount (Rahila)wherever it turned, and whenever he wanted to pray the compulsory prayer he dismounted and prayedfacing the Qibla.",Sahih-Authentic
8.0,Prayers (Salat),400,"Narrated `Abdullah: The Prophet (ﷺ) prayed (and the sub-narrator Ibrahim said, ""I do not know whether he prayed more or lessthan usual""), and when he had finished the prayers he was asked, ""O Allah's Messenger (ﷺ)! Has there beenany change in the prayers?"" He said, ""What is it?' The people said, ""You have prayed so much and somuch."" So the Prophet (ﷺ) bent his legs, faced the Qibla and performed two prostration's (of Sahu) andfinished his prayers with Taslim (by turning his face to right and left saying: 'As-Salamu `Alaikum-Warahmat-ullah'). When he turned his face to us he said, ""If there had been anything changed in theprayer, surely I would have informed you but I am a human being like you and liable to forget likeyou. So if I forget remind me and if anyone of you is doubtful about his prayer, he should follow whathe thinks to be correct and complete his prayer accordingly and finish it and do two prostrations (ofSahu).",Sahih-Authentic
8.0,Prayers (Salat),401,"Narrated `Umar (bin Al-Khattab): My Lord agreed with me in three things:-1. I said, ""O Allah's Messenger (ﷺ), I wish we took the station of Abraham as our praying place (for some ofour prayers). So came the Divine Inspiration: And take you (people) the station of Abraham as a placeof prayer (for some of your prayers e.g. two rak`at of Tawaf of Ka`ba)"". (2.125)-2. And as regards the (verse of) the veiling of the women, I said, 'O Allah's Messenger (ﷺ)! I wish youordered your wives to cover themselves from the men because good and bad ones talk to them.' So theverse of the veiling of the women was revealed.-3. Once the wives of the Prophet (ﷺ) made a united front against the Prophet (ﷺ) and I said to them, 'It maybe if he (the Prophet) divorced you, (all) that his Lord (Allah) will give him instead of you wivesbetter than you.' So this verse (the same as I had said) was revealed."" (66.5).",Sahih-Authentic
8.0,Prayers (Salat),402,Narrated Anas: as above .,Sahih-Authentic
8.0,Prayers (Salat),403,"Narrated `Abdullah bin `Umar: While the people were offering the Fajr prayer at Quba' (near Medina), someone came to them andsaid: ""It has been revealed to Allah's Messenger (ﷺ) tonight, and he has been ordered to pray facing theKa`ba."" So turn your faces to the Ka`ba. Those people were facing Sham (Jerusalem) so they turnedtheir faces towards Ka`ba (at Mecca).",Sahih-Authentic
8.0,Prayers (Salat),404,"Narrated `Abdullah: ""Once the Prophet (ﷺ) offered five rak`at in Zuhr prayer. He was asked, ""Is there an increase in theprayer?"" The Prophet (ﷺ) said, ""And what is it?"" They said, ""You have prayed five rak`at.' So he bent hislegs and performed two prostrations (of Sahu).",Sahih-Authentic
8.0,Prayers (Salat),405,"Narrated Anas bin Malik: The Prophet (ﷺ) saw some sputum in the direction of the Qibla (on the wall of the mosque) and hedisliked that and the sign of disgust was apparent from his face. So he got up and scraped it off withhis hand and said, ""Whenever anyone of you stands for the prayer, he is speaking in private to hisLord or his Lord is between him and his Qibla. So, none of you should spit in the direction of theQibla but one can spit to the left or under his foot."" The Prophet (ﷺ) then took the corner of his sheet andspat in it and folded it and said, ""Or you can do this. """,Sahih-Authentic
8.0,Prayers (Salat),406,"Narrated `Abdullah bin `Umar: Allah's Messenger (ﷺ) saw sputum on the wall of the mosque in the direction of the Qibla and scraped it off.He faced the people and said, ""Whenever any one of you is praying, he should not spit in front of himbecause in the prayer Allah is in front of him.""",Sahih-Authentic
8.0,Prayers (Salat),407,"Narrated `Aisha: (the mother of faithful believers) Allah's Messenger (ﷺ) saw some nasal secretions, expectoration or sputumon the wall of the mosque in the direction of the Qibla and scraped it off.",Sahih-Authentic
8.0,Prayers (Salat),408-409,"Narrated Abu Huraira and Abu Sa`id: Allah's Messenger (ﷺ) saw some expectoration on the wall of the mosque; he took gravel and scraped it offand said, ""If anyone of you wanted to spit he should neither spit in front of him nor on his right but hecould spit either on his left or under his left foot.""",Sahih-Authentic
8.0,Prayers (Salat),410-411,"Narrated Abu Huraira and Abu Sa`id: Allah's Messenger (ﷺ) saw some expectoration on the wall of the mosque; he took gravel and scraped it offand said, ""If anyone of you wanted to spit, he should neither spit in front of him nor on his right butcould spit either on his left or under his left foot.""",Sahih-Authentic
8.0,Prayers (Salat),412,"Narrated Anas: The Prophet (ﷺ) said, ""None of you should spit in front or on his right but he could spit either on his leftor under his foot.""",Sahih-Authentic
8.0,Prayers (Salat),413,"Narrated Anas bin Malik: The Prophet (ﷺ) said, ""A faithful believer while in prayer is speaking in private to his Lord, so he shouldneither spit in front of him nor to his right side but he could spit either on his left or under his foot.""",Sahih-Authentic
8.0,Prayers (Salat),414,"Narrated Abu Sa`id: The Prophet (ﷺ) saw sputum on (the wall of) the mosque in the direction of the Qibla and scraped it offwith gravel. Then he forbade Spitting in front or on the right, but allowed it on one's left or underone's left foot.",Sahih-Authentic
8.0,Prayers (Salat),415,"Narrated Anas bin Malik: The Prophet (ﷺ) said, ""Spitting in the mosque is a sin and its expiation is to bury it.""",Sahih-Authentic
8.0,Prayers (Salat),416,"Narrated Abu Huraira: Prophet said, ""If anyone of you stands for prayer, he should not spit in front of him because in prayerhe is speaking in private to Allah and he should not spit on his right as there is an angel, but he canspit either on his left or under his left foot and bury it (i.e. expectoration).",Sahih-Authentic
8.0,Prayers (Salat),417,"Narrated Anas: The Prophet (ﷺ) saw expectoration (on the wall of the mosque) in the direction of the Qibla and scraped itoff with his hand. It seemed that he disliked it and the sign of disgust was apparent from his face. Hesaid, ""If anyone of you stands for the prayer, he is speaking in private to his Lord, (or) his Lord isbetween him and his Qibla, therefore he should not spit towards his Qibla, but he could spit either onhis left or under his foot."" Then he took the corner of his sheet and spat in it, folded it and said, ""Or dothis.""",Sahih-Authentic
8.0,Prayers (Salat),418,"Narrated Abu Huraira: Allah's Messenger (ﷺ) said, ""Do you consider or see that my face is towards the Qibla? By Allah, neitheryour submissiveness nor your bowing is hidden from me, surely I see you from my back.""",Sahih-Authentic
8.0,Prayers (Salat),419,"Narrated Anas bin Malik: The Prophet (ﷺ) led us in a prayer and then got up on the pulpit and said, ""In your prayer and bowing, Icertainly see you from my back as I see you (while looking at you.)""",Sahih-Authentic
8.0,Prayers (Salat),420,Narrated `Abdullah bin `Umar: Allah's Messenger (ﷺ) ordered for a horse race; the trained horses were to run from a place called Al-Hafya'to Thaniyat Al-Wada` and the horses which were not trained were to run from Al-Thaniya to theMasjid (mosque of) Bani Zuraiq. The sub narrator added: Ibn `Umar was one of those who took partin the race.,Sahih-Authentic
8.0,Prayers (Salat),421,"Narrated Anas: Some goods came to Allah's Messenger (ﷺ) from Bahrain. The Prophet (ﷺ) ordered the people to spread them inthe mosque --it was the biggest amount of goods Allah's Messenger (ﷺ) had ever received. He left for prayerand did not even look at it. After finishing the prayer, he sat by those goods and gave from those toeverybody he saw. Al-`Abbas came to him and said, ""O Allah's Messenger (ﷺ)! give me (something) too,because I gave ransom for myself and `Aqil"". Allah's Messenger (ﷺ) told him to take. So he stuffed hisgarment with it and tried to carry it away but he failed to do so. He said, ""O Allah's Messenger (ﷺ)! Ordersomeone to help me in lifting it."" The Prophet (ﷺ) refused. He then said to the Prophet: Will you pleasehelp me to lift it?"" Allah's Messenger (ﷺ) refused. Then Al-`Abbas threw some of it and tried to lift it (butfailed). He again said, ""O Allah's Messenger (ﷺ) Order someone to help me to lift it."" He refused. Al-`Abbasthen said to the Prophet: ""Will you please help me to lift it?"" He again refused. Then Al-`Abbas threwsome of it, and lifted it on his shoulders and went away. Allah's Messenger (ﷺ) kept on watching him till hedisappeared from his sight and was astonished at his greediness. Allah's Messenger (ﷺ) did not get up till thelast coin was distributed.",Sahih-Authentic
8.0,Prayers (Salat),422,"Narrated Anas: I found the Prophet (ﷺ) in the mosque along with some people. He said to me, ""Did Abu Talha send you?""I said, ""Yes"". He said, ""For a meal?"" I said, ""Yes."" Then he said to his companions, ""Get up."" They setout and I was ahead of them.",Sahih-Authentic
8.0,Prayers (Salat),423,"Narrated Sahl bin Sa`d: A man said, ""O Allah's Messenger (ﷺ)! If a man finds another man with his wife, (committing adultery)should the husband kill him?"" Later on I saw them (the man and his wife) doing Li`an in the mosque(taking oaths, one accusing, and the other denying adultery).",Sahih-Authentic
8.0,Prayers (Salat),424,"Narrated `Itban bin Malik: The Prophet (ﷺ) came to my house and said, ""Where do you like me to pray?"" I pointed to a place. TheProphet then said, ""Allahu Akbar"", and we aligned behind him and he offered a two-rak`at prayer.",Sahih-Authentic
8.0,Prayers (Salat),425,"Narrated `Itban bin Malik: who was one of the companions of Allah's Messenger (ﷺ) and one of the Ansar's who took part in the battleof Badr: I came to Allah's Messenger (ﷺ) and said, ""O Allah's Messenger (ﷺ) I have weak eyesight and I lead mypeople in prayers. When it rains the water flows in the valley between me and my people so I cannotgo to their mosque to lead them in prayer. O Allah's Messenger (ﷺ)! I wish you would come to my house andpray in it so that I could take that place as a Musalla. Allah's Messenger (ﷺ) said. ""Allah willing, I will doso."" Next day after the sun rose high, Allah's Messenger (ﷺ) and Abu Bakr came and Allah's Messenger (ﷺ) askedfor permission to enter. I gave him permission and he did not sit on entering the house but said to me,""Where do you like me to pray?"" I pointed to a place in my house. So Allah's Messenger (ﷺ) stood there andsaid, 'Allahu Akbar', and we all got up and aligned behind him and offered a two-rak`at prayer andended it with Taslim. We requested him to stay for a meal called ""Khazira"" which we had prepared forhim. Many members of our family gathered in the house and one of them said, ""Where is Malik binAl-Dukhaishin or Ibn Al-Dukhshun?"" One of them replied, ""He is a hypocrite and does not love Allahand His Apostle."" Hearing that, Allah's Messenger (ﷺ) said, ""Do not say so. Haven't you seen that he said,'None has the right to be worshipped but Allah' for Allah's sake only?"" He said, ""Allah and HisApostle know better. We have seen him helping and advising hypocrites.""Allah's Messenger (ﷺ) said, ""Allah has forbidden the (Hell) fire for those who say, 'None has the right to beworshipped but Allah' for Allah's sake only.""",Sahih-Authentic
8.0,Prayers (Salat),426,"Narrated `Aisha: The Prophet (ﷺ) used to start every thing from the right (for good things) whenever it was possible in allhis affairs; for example: in washing, combing or wearing shoes.",Sahih-Authentic
8.0,Prayers (Salat),427,"Narrated `Aisha: Um Habiba and Um Salama mentioned about a church they had seen in Ethiopia in which there werepictures. They told the Prophet (ﷺ) about it, on which he said, ""If any religious man dies amongst thosepeople they would build a place of worship at his grave and make these pictures in it. They will be theworst creature in the sight of Allah on the Day of Resurrection.""",Sahih-Authentic
8.0,Prayers (Salat),428,"Narrated Anas: When the Prophet (ﷺ) arrived Medina he dismounted at `Awali-i-Medina amongst a tribe called Banu`Amr bin `Auf. He stayed there For fourteen nights. Then he sent for Bani An-Najjar and they camearmed with their swords. As if I am looking (just now) as the Prophet (ﷺ) was sitting over his Rahila(Mount) with Abu Bakr riding behind him and all Banu An-Najjar around him till he dismounted atthe courtyard of Abu Aiyub's house. The Prophet (ﷺ) loved to pray wherever the time for the prayer wasdue even at sheep-folds. Later on he ordered that a mosque should be built and sent for some people ofBanu-An-Najjar and said, ""O Banu An-Najjar! Suggest to me the price of this (walled) piece of landof yours."" They replied, ""No! By Allah! We do not demand its price except from Allah."" Anas added:There were graves of pagans in it and some of it was unleveled and there were some date-palm treesin it. The Prophet (ﷺ) ordered that the graves of the pagans be dug out and the unleveled land be level ledand the date-palm trees be cut down . (So all that was done). They aligned these cut date-palm treestowards the Qibla of the mosque (as a wall) and they also built two stone side-walls (of the mosque).His companions brought the stones while reciting some poetic verses. The Prophet (ﷺ) was with them andhe kept on saying, ""There is no goodness except that of the Hereafter, O Allah! So please forgive theAnsars and the emigrants. """,Sahih-Authentic
8.0,Prayers (Salat),429,"Narrated Abu Al-Taiyah [??]: Anas said, ""The Prophet (ﷺ) prayed in the sheep fold."" Later on I heard him saying, ""He prayed in thesheep folds before the construction of the, mosque.""",Sahih-Authentic
8.0,Prayers (Salat),430,"Narrated Nafi`: ""I saw Ibn `Umar praying while taking his camel as a Sutra in front of him and he said, ""I saw theProphet doing the same.""",Sahih-Authentic
8.0,Prayers (Salat),431,"Narrated `Abdullah bin `Abbas: The sun eclipsed and Allah's Messenger (ﷺ) offered the eclipse prayer and said, ""I have been shown theHellfire (now) and I never saw a worse and horrible sight than the sight I have seen today.""",Sahih-Authentic
8.0,Prayers (Salat),432,"Narrated Ibn `Umar: The Prophet (ﷺ) had said, ""Offer some of your prayers (Nawafil) at home, and do not take your houses asgraves.""",Sahih-Authentic
8.0,Prayers (Salat),433,"Narrated `Abdullah bin `Umar: Allah's Messenger (ﷺ) said, ""Do not enter (the places) of these people where Allah's punishment had fallenunless you do so weeping. If you do not weep, do not enter (the places of these people) becauseAllah's curse and punishment which fell upon them may fall upon you.""",Sahih-Authentic
8.0,Prayers (Salat),434,"Narrated `Aisha: Um Salama told Allah's Messenger (ﷺ) about a church which she had seen in Ethiopia and which was calledMariya. She told him about the pictures which she had seen in it. Allah's Messenger (ﷺ) said, ""If anyrighteous pious man dies amongst them, they would build a place of worship at his grave and makethese pictures in it; they are the worst creatures in the sight of Allah.""",Sahih-Authentic
8.0,Prayers (Salat),435-436,"Narrated `Aisha and `Abdullah bin `Abbas: When the last moment of the life of Allah's Messenger (ﷺ) came he started putting his 'Khamisa' on his faceand when he felt hot and short of breath he took it off his face and said, ""May Allah curse the Jewsand Christians for they built the places of worship at the graves of their Prophets."" The Prophet (ﷺ) waswarning (Muslims) of what those had done.",Sahih-Authentic
8.0,Prayers (Salat),437,"Narrated Abu Huraira: Allah's Messenger (ﷺ) said, ""May Allah's curse be on the Jews for they built the places of worship at thegraves of their Prophets.""",Sahih-Authentic
8.0,Prayers (Salat),438,"Narrated Jabir bin `Abdullah: Allah's Messenger (ﷺ) said, ""I have been given five things which were not given to any amongst the Prophetsbefore me. These are:-1. Allah made me victorious by awe (by His frightening my enemies) for a distance of one month'sjourney.-2. The earth has been made for me (and for my followers) a place for praying and a thing to performTayammum. Therefore my followers can pray wherever the time of a prayer is due.-3. The booty has been made Halal (lawful) for me (and was not made so for anyone else).-4. Every Prophet used to be sent to his nation exclusively but I have been sent to all mankind.-5. I have been given the right of intercession (on the Day of Resurrection.)",Sahih-Authentic
8.0,Prayers (Salat),439,"Narrated `Aisha: There was a black slave girl belonging to an 'Arab tribe and they manumitted her but she remainedwith them. The slave girl said, ""Once one of their girls (of that tribe) came out wearing a red leatherscarf decorated with precious stones. It fell from her or she placed it somewhere. A kite passed by thatplace, saw it Lying there and mistaking it for a piece of meat, flew away with it. Those peoplesearched for it but they did not find it. So they accused me of stealing it and started searching me andeven searched my private parts."" The slave girl further said, ""By Allah! while I was standing (in thatstate) with those people, the same kite passed by them and dropped the red scarf and it fell amongstthem. I told them, 'This is what you accused me of and I was innocent and now this is it.' "" `Aishaadded: That slave girl came to Allah's Messenger (ﷺ) and embraced Islam. She had a tent or a small roomwith a low roof in the mosque. Whenever she called on me, she had a talk with me and whenever shesat with me, she would recite the following: ""The day of the scarf (band) was one of the wonders ofour Lord, verily He rescued me from the disbelievers' town. `Aisha added: ""Once I asked her, 'What isthe matter with you? Whenever you sit with me, you always recite these poetic verses.' On that shetold me the whole story. """,Sahih-Authentic
8.0,Prayers (Salat),440,Narrated Nafi`: `Abdullah bin `Umar said: I used to sleep in the mosque of the Prophet (ﷺ) while I was young andunmarried.,Sahih-Authentic
8.0,Prayers (Salat),441,"Narrated Sahl bin Sa`d: Allah's Messenger (ﷺ) went to Fatima's house but did not find `Ali there. So he asked, ""Where is yourcousin?"" She replied, ""There was something between us and he got angry with me and went out. Hedid not sleep (midday nap) in the house."" Allah's Messenger (ﷺ) asked a person to look for him. That personcame and said, ""O Allah's Messenger (ﷺ)! He (Ali) is sleeping in the mosque."" Allah's Messenger (ﷺ) went thereand `Ali was lying. His upper body cover had fallen down to one side of his body and he was coveredwith dust. Allah's Messenger (ﷺ) started cleaning the dust from him saying: ""Get up! O Aba Turab. Get up!O Aba Turab (literally means: O father of dust).",Sahih-Authentic
8.0,Prayers (Salat),442,Narrated Abu Huraira: I saw seventy of As-Suffa men and none of them had a Rida' (a garment covering the upper part of thebody). They had either Izars (only) or sheets which they tied round their necks. Some of these sheetsreached the middle of their legs and some reached their heels and they used to gather them with theirhands lest their private parts should become naked.,Sahih-Authentic
8.0,Prayers (Salat),443,"Narrated Jabir bin `Abdullah: I went to the Prophet (ﷺ) in the mosque (the sub-narrator Mas`ar thought that Jabir had said, ""In theforenoon."") He ordered me to pray two rak`at. He owed me some money and he repaid it to me andgave more than what was due to me.",Sahih-Authentic
8.0,Prayers (Salat),444,"Narrated Abu Qatada Al-Aslami: Allah's Messenger (ﷺ) said, ""If anyone of you enters a mosque, he should pray two rak`at before sitting.""",Sahih-Authentic
8.0,Prayers (Salat),445,"Narrated Abu Huraira: Allah's Messenger (ﷺ) said, ""The angels keep on asking Allah's forgiveness for anyone of you, as long as heis at his Musalla (praying place) and he does not pass wind (Hadath). They say, 'O Allah! Forgivehim, O Allah! be Merciful to him.""",Sahih-Authentic
8.0,Prayers (Salat),446,"Narrated `Abdullah bin `Umar: In the lifetime of Allah's Messenger (ﷺ) the mosque was built of adobes, its roof of the leaves of date-palmsand its pillars of the stems of date-palms. Abu Bakr did not alter it. `Umar expanded it on the samepattern as it was in the lifetime of Allah's Messenger (ﷺ) by using adobes, leaves of date-palms and changingthe pillars into wooden ones. `Uthman changed it by expanding it to a great extent and built its wallswith engraved stones and lime and made its pillars of engraved stones and its roof of teak wood.",Sahih-Authentic
8.0,Prayers (Salat),447,"Narrated `Ikrima: Ibn `Abbas said to me and to his son `Ali, ""Go to Abu Sa`id and listen to what he narrates."" So wewent and found him in a garden looking after it. He picked up his Rida', wore it and sat down andstarted narrating till the topic of the construction of the mosque reached. He said, ""We were carryingone adobe at a time while `Ammar was carrying two. The Prophet (ﷺ) saw him and started removing thedust from his body and said, ""May Allah be Merciful to `Ammar. He will be inviting them (i.e. hismurderers, the rebellious group) to Paradise and they will invite him to Hell-fire."" `Ammar said, ""Iseek refuge with Allah from affliction.""",Sahih-Authentic
8.0,Prayers (Salat),448,"Narrated Sahl: Allah's Messenger (ﷺ) sent someone to a woman telling her to ""Order her slave, carpenter, to prepare awooden pulpit for him to sit on.""",Sahih-Authentic
8.0,Prayers (Salat),449,"Narrated Jabir: A woman said, ""O Allah's Messenger (ﷺ)! Shall I get something constructed for you to sit on as I have aslave who is a carpenter?"" He replied, ""Yes, if you like."" So she had that pulpit constructed.",Sahih-Authentic
8.0,Prayers (Salat),450,"Narrated 'Ubaidullah Al-Khaulani: I heard `Uthman bin `Affan saying, when people argued too much about his intention to reconstructthe mosque of Allah's Messenger (ﷺ), ""You have talked too much. I heard the Prophet (ﷺ) saying, 'Whoever builta mosque, (Bukair thought that `Asim, another sub-narrator, added, ""Intending Allah's Pleasure""),Allah would build for him a similar place in Paradise.' """,Sahih-Authentic
8.0,Prayers (Salat),451,"Narrated `Amr: I heard Jabir bin `Abdullah saying, ""A man passed through the mosque carrying arrows. Allah'sApostle said to him, 'Hold them by their heads.' """,Sahih-Authentic
8.0,Prayers (Salat),452,"Narrated Abu Burda bin `Abdullah: (on the authority of his father) The Prophet (ﷺ) said, ""Whoever passes through our mosques or marketswith arrows should hold them by their heads lest he should injure a Muslim.""",Sahih-Authentic
8.0,Prayers (Salat),453,"Narrated Hassan bin Thabit Al-Ansari: I asked Abu Huraira ""By Allah! Tell me the truth whether you heard the Prophet (ﷺ) saying, 'O Hassan!Reply on behalf of Allah's Messenger (ﷺ). O Allah! Help him with the Holy Spirit."" Abu Huraira said, ""Yes .""",Sahih-Authentic
8.0,Prayers (Salat),454,"Narrated `Aisha: Once I saw Allah's Messenger (ﷺ) at the door of my house while some Ethiopians were playing in themosque (displaying their skill with spears). Allah's Messenger (ﷺ) was screening me with his Rida' so as toenable me to see their display. (`Urwa said that `Aisha said, ""I saw the Prophet (ﷺ) and the Ethiopianswere playing with their spears."")",Sahih-Authentic
8.0,Prayers (Salat),455,"Narrated `Aisha: Once I saw Allah's Messenger (ﷺ) at the door of my house while some Ethiopians were playing in themosque (displaying their skill with spears). Allah's Messenger (ﷺ) was screening me with his Rida' so as toenable me to see their display. (`Urwa said that `Aisha said, ""I saw the Prophet (ﷺ) and the Ethiopianswere playing with their spears."")",Sahih-Authentic
8.0,Prayers (Salat),456,"Narrated `Aisha: Barira came to seek my help regarding her manumission. I told herself you like I would pay your priceto your masters but your Wala' (allegiance) would be for me."" Her masters said, ""If you like, you canpay what remains (of the price of her manumission), (Sufyan the sub-narrator once said), or if you likeyou can manumit her, but her (inheritance) Al-Wala would be for us. ""When Allah's Messenger (ﷺ) came, Ispoke to him about it. He said, ""Buy her and manumit her. No doubt Al-Wala' is for the manumitted.""Then Allah's Messenger (ﷺ) stood on the pulpit (or Allah's Messenger (ﷺ) ascended the pulpit as Sufyan once said),and said, ""What about some people who impose conditions which are not present in Allah's Book(Laws)? Whoever imposes conditions which are not in Allah's Book (Laws), his conditions will beinvalid even if he imposed them a hundred times.""",Sahih-Authentic
8.0,Prayers (Salat),457,"Narrated Ka`b: In the mosque l asked Ibn Abi Hadrad to pay the debts which he owed to me and our voices grewlouder. Allah's Messenger (ﷺ) heard that while he was in his house. So he came to us raising the curtain ofhis room and said, ""O Ka`b!"" I replied, ""Labaik, O Allah's Messenger (ﷺ)!"" He said, ""O Ka`b! reduce yourdebt to one half,"" gesturing with his hand. I said, ""O Allah's Messenger (ﷺ)! I have done so."" Then Allah'sApostle said (to Ibn Abi Hadrad), ""Get up and pay the debt to him.""",Sahih-Authentic
8.0,Prayers (Salat),458,"Narrated Abu Huraira: A black man or a black woman used to sweep the mosque and he or she died. The Prophet (ﷺ) askedabout her (or him). He was told that she (or he) had died. He said, ""Why did you not inform me?Show me his grave (or her grave)."" So he went to her (his) grave and offered her (his) funeral prayer.""",Sahih-Authentic
8.0,Prayers (Salat),459,"Narrated `Aisha: When the verses of Surat ""Al-Baqara""' about the usury Riba were revealed, the Prophet (ﷺ) went to themosque and recited them in front of the people and then banned the trade of alcohol.",Sahih-Authentic
8.0,Prayers (Salat),460,"Narrated Abu Rafi: Abu Huraira said, ""A man or a woman used to clean the mosque."" (Asub-narrator said, 'Most probably a woman..') Then he narrated theHadith of the Prophet",Sahih-Authentic
8.0,Prayers (Salat),461,"Narrated Abu Huraira: ""The Prophet (ﷺ) said, ""Last night a big demon (afreet) from the Jinnscame to me and wanted to interrupt my prayers (or said somethingsimilar) but Allah enabled me to overpower him. I wanted to fasten himto one of the pillars of the mosque so that all of you could See himin the morning but I remembered the statement of my brother Solomon(as stated in Quran): My Lord! Forgive me and bestow on me a kingdomsuch as shall not belong to anybody after me (38.35)."" The subnarrator Rauh said, ""He (the demon) was dismissed humiliated.""",Sahih-Authentic
8.0,Prayers (Salat),462,"Narrated Abu Huraira: The Prophet (ﷺ) sent some horsemen to Najd and they brought a man called Thumama bin Uthal fromBani Hanifa. They fastened him to one of the pillars of the mosque. The Prophet (ﷺ) came and orderedthem to release him. He went to a (garden of) date-palms near the mosque, took a bath and enteredthe mosque again and said, ""None has the right to be worshipped but Allah and Muhammad is HisApostle"" (i.e. he embraced Islam).",Sahih-Authentic
8.0,Prayers (Salat),463,"Narrated `Aisha: On the day of Al-Khandaq (battle of the Trench' the medial arm vein of Sa`d bin Mu`ad [??] wasinjured and the Prophet (ﷺ) pitched a tent in the mosque to look after him. There was another tent forBanu Ghaffar in the mosque and the blood started flowing from Sa`d's tent to the tent of Bani Ghaffar.They shouted, ""O occupants of the tent! What is coming from you to us?"" They found that Sa`d'wound was bleeding profusely and Sa`d died in his tent.",Sahih-Authentic
8.0,Prayers (Salat),464,"Narrated Um Salama: I complained to Allah's Messenger (ﷺ) that I was sick. He told me to perform the Tawaf behind the peoplewhile riding. So I did so and Allah's Messenger (ﷺ) was praying beside the Ka`ba and reciting the Surastarting with ""Wat-tur wa kitabin mastur.""",Sahih-Authentic
8.0,Prayers (Salat),465,"Narrated Anas bin Malik: Two of the companions of the Prophet (ﷺ) departed from him on a dark night and were led by two lightslike lamps (going in front of them from Allah as a miracle) lighting the way in front of them, andwhen they parted, each of them was accompanied by one of these lights till he reached their(respective) houses.",Sahih-Authentic
8.0,Prayers (Salat),466,"Narrated Abu Sa`id Al-Khudri: The Prophet (ﷺ) delivered a sermon and said, ""Allah gave a choice to one of (His) slaves either to choosethis world or what is with Him in the Hereafter. He chose the latter."" Abu Bakr wept. I said to myself,""Why is this Sheikh weeping, if Allah gave choice to one (of His) slaves either to choose this world orwhat is with Him in the Here after and he chose the latter?"" And that slave was Allah's Messenger (ﷺ)himself. Abu Bakr knew more than us. The Prophet (ﷺ) said, ""O Abu Bakr! Don't weep. The Prophet (ﷺ)added: Abu- Bakr has favored me much with his property and company. If I were to take a Khalilfrom mankind I would certainly have taken Abu Bakr but the Islamic brotherhood and friendship issufficient. Close all the gates in the mosque except that of Abu Bakr.",Sahih-Authentic
8.0,Prayers (Salat),467,"Narrated Ibn `Abbas: ""Allah's Messenger (ﷺ) in his fatal illness came out with a piece of cloth tied round his head and sat on thepulpit. After thanking and praising Allah he said, ""There is no one who had done more favor to mewith life and property than Abu Bakr bin Abi Quhafa. If I were to take a Khalil, I would certainly havetaken Abu- Bakr but the Islamic brotherhood is superior. Close all the small doors in this mosqueexcept that of Abu Bakr.""",Sahih-Authentic
8.0,Prayers (Salat),468,"Narrated Nafi`: Ibn `Umar said, ""The Prophet (ﷺ) arrived at Mecca and sent for `Uthman bin Talha. He opened the gate ofthe Ka`ba and the Prophet, Bilal, Usama bin Zaid and `Uthman bin Talha entered the Ka`ba and thenthey closed its door (from inside). They stayed there for an hour, and then came out."" Ibn `Umaradded, ""I quickly went to Bilal and asked him (whether the Prophet (ﷺ) had prayed). Bilal replied, 'Heprayed in it.' I asked, 'Where?' He replied, 'Between the two pillars.' ""Ibn `Umar added, ""I forgot toask how many rak`at he (the Prophet) had prayed in the Ka`ba.""",Sahih-Authentic
8.0,Prayers (Salat),469,Narrated Abu Huraira: Allah's Messenger (ﷺ) sent some horse men to Najd and they brought a man called Thumama bin Uthal fromBani Hanifa. They fastened him to one of the pillars of the mosque.,Sahih-Authentic
8.0,Prayers (Salat),470,"Narrated Al-Sa'ib bin Yazid: I was standing in the mosque and somebody threw a gravel at me. I looked and found that he was`Umar bin Al-Khattab. He said to me, ""Fetch those two men to me."" When I did, he said to them,""Who are you? (Or) where do you come from?"" They replied, ""We are from Ta'if."" `Umar said, ""Wereyou from this city (Medina) I would have punished you for raising your voices in the mosque ofAllah's Messenger (ﷺ).""",Sahih-Authentic
8.0,Prayers (Salat),471,"Narrated Ka`b bin Malik: During the lifetime of Allah's Messenger (ﷺ) I asked Ibn Abi Hadrad in the mosque to pay the debts which heowed to me and our voices grew so loud that Allah's Messenger (ﷺ) heard them while he was in his house. Sohe came to us after raising the curtain of his room. The Prophet (ﷺ) said, ""O Ka`b bin Malik!"" I replied,""Labaik, O Allah's Messenger (ﷺ)."" He gestured with his hand to me to reduce the debt to one half. I said, ""OAllah's Messenger (ﷺ) have done it."" Allah's Messenger (ﷺ) said (to Ibn Hadrad), ""Get up and pay it.""",Sahih-Authentic
8.0,Prayers (Salat),472,"Narrated Nafi`: Ibn `Umar said, ""While the Prophet (ﷺ) was on the pulpit, a man asked him how to offer the night prayers.He replied, 'Pray two rak`at at a time and then two and then two and so on, and if you are afraid of thedawn (the approach of the time of the Fajr prayer) pray one rak`a and that will be the witr for all therak`at which you have offered."" Ibn `Umar said, ""The last rak`at of the night prayer should be odd, forthe Prophet (ﷺ) ordered it to be so.",Sahih-Authentic
8.0,Prayers (Salat),473,"Narrated Ibn `Umar: A man came to the Prophet (ﷺ) while he was delivering the sermon and asked him how to offer the nightprayers. The Prophet (ﷺ) replied, 'Pray two rak`at at a time and then two and then two and so on and ifyou are afraid of dawn (the approach of the time of the Fajr prayer) pray one rak`a and that will be thewitr for all the rak`at which you have prayed."" Narrated 'Ubaidullah bin `Abdullah bin `Umar: A mancalled the Prophet (ﷺ) while he was in the mosque.",Sahih-Authentic
8.0,Prayers (Salat),474,"Narrated Abu Waqid al-Laithi: While Allah's Messenger (ﷺ) was sitting in the mosque (with some people) three men came, two of themcame in front of Allah's Messenger (ﷺ) and the third one went away, and then one of them found a place inthe circle and sat there while the second man sat behind the gathering, and the third one went away.When Allah's Messenger (ﷺ) finished his preaching, he said, ""Shall I tell you about these three persons? Oneof them betook himself to Allah and so Allah accepted him and accommodated him; the second feltshy before Allah so Allah did the same for him and sheltered him in His Mercy (and did not punishhim), while the third turned his face from Allah, and went away, so Allah turned His face from himlikewise.",Sahih-Authentic
8.0,Prayers (Salat),475,"Narrated `Abbad bin Tamim: that his uncle said, ""I saw Allah's Messenger (ﷺ) lying flat (on his back) in the mosque with one leg on theother."" Narrated Sa`id bin Al-Musaiyab that `Umar and `Uthman used to do the same.",Sahih-Authentic
8.0,Prayers (Salat),476,"Narrated `Aisha: (the wife of the Prophet) I had seen my parents following Islam since I attained the age of puberty.Not a day passed but the Prophet (ﷺ) visited us, both in the mornings and evenings. My father Abu Bakrthought of building a mosque in the courtyard of his house and he did so. He used to pray and recitethe Qur'an in it. The pagan women and their children used to stand by him and look at him withsurprise. Abu Bakr was a Softhearted person and could not help weeping while reciting the Qur'an.The chiefs of the Quraish pagans became afraid of that (i.e. that their children and women might beaffected by the recitation of Qur'an).",Sahih-Authentic
8.0,Prayers (Salat),477,"Narrated Abu Huraira: The Prophet (ﷺ) said, ""The prayer offered in congregation is twenty five times more superior (in reward)to the prayer offered alone in one's house or in a business center, because if one performs ablution anddoes it perfectly, and then proceeds to the mosque with the sole intention of praying, then for eachstep which he takes towards the mosque, Allah upgrades him a degree in reward and (forgives)crosses out one sin till he enters the mosque. When he enters the mosque he is considered in prayer aslong as he is waiting for the prayer and the angels keep on asking for Allah's forgiveness for him andthey keep on saying: 'O Allah! Be Merciful to him, O Allah! Forgive him, as long as he keeps onsitting at his praying place and does not pass wind.",Sahih-Authentic
8.0,Prayers (Salat),478-479,"Narrated Ibn `Umar or Ibn `Amr: The Prophet (ﷺ) clasped his hands, by interlacing his fingers.",Sahih-Authentic
8.0,Prayers (Salat),480,"Narrated `Abdullah: That Allah's Messenger (ﷺ)said, ""O `Abdullah bin `Amr! What will be your condition when you will be left with the sediments of(worst) people?"" (They will be in conflict with each other).",Sahih-Authentic
8.0,Prayers (Salat),481,"Narrated Abu Musa: The Prophet (ﷺ) said, ""A faithful believer to a faithful believer is like the bricks of a wall, enforcing eachother."" While (saying that) the Prophet (ﷺ) clasped his hands, by interlacing his fingers.",Sahih-Authentic
8.0,Prayers (Salat),482,"Narrates Ibn Seereen: Abu Huraira said, ""Allah's Messenger (ﷺ) led us in one of the two `Isha' prayers (Abu Huraira named thatprayer but I forgot it)."" Abu Huraira added, ""He prayed two rak`at and then finished the prayer withTaslim. He stood up near a piece of wood Lying across the mosque and leaned on it in such a way asif he was angry. Then he put his right hand over the left and clasped his hands by interlacing hisfingers and then put his J right cheek on the back of his left hand. The people who were in haste leftthe mosque through its gates. They wondered whether the prayer was reduced. And amongst themwere Abu Bakr and `Umar but they hesitated to ask the Prophet. A long-handed man called Dhul-Yadain asked the Prophet, 'O Allah's Messenger (ﷺ)! Have you forgotten or has the prayer been reduced?'The Prophet (ﷺ) replied, 'I have neither forgotten nor has the prayer been reduced' The Prophet (ﷺ) added, 'Iswhat Dhul Yadain has said true?' They (the people) said, 'Yes, it is true.' The Prophet (ﷺ) stood up againand led the prayer, completing the remaining prayer, forgotten by him, and performed Taslim, andthen said, 'Allahu Akbar.' And then he did a prostration as he used to prostrate or longer than that. Hethen raised his head saying, 'Allahu Akbar; he then again said, 'Allahu Akbar', and prostrated as heused to prostrate or longer than that. Then he raised his head and said, 'Allahu Akbar.' "" (The subnarratoradded, ""I think that they asked (Ibn Seereen) whether the Prophet (ﷺ) completed the prayer withTaslim. He replied, ""I heard that `Imran bin Husain had said, 'Then he (the Prophet) did Taslim."")",Sahih-Authentic
8.0,Prayers (Salat),483,"Narrated Fudail bin Sulaiman: Musa bin `Uqba said, ""I saw Salim bin `Abdullah looking for some places on the way and prayedthere. He narrated that his father used to pray there, and had seen the Prophet (ﷺ) praying at those veryplaces.""Narrated Nafi` on the authority of Ibn `Umar who said, ""I used to pray at those places."" Musa thenarrator added, ""I asked Salim on which he said, 'I agree with Nafi` concerning those places, exceptthe mosque situated at the place called Sharaf Ar-Rawha.""",Sahih-Authentic
8.0,Prayers (Salat),484,Narrated Ibn `Abbas: The narrated Hadith is about the various places on the way from Medina to Mecca where the Prophet (ﷺ) prayed and is not translated.,Sahih-Authentic
8.0,Prayers (Salat),485,Narrated Ibn `Abbas: The narrated Hadith is about the various places on the way from Medina to Mecca where the Prophet (ﷺ) prayed and is not translated.,Sahih-Authentic
8.0,Prayers (Salat),486,Narrated Ibn `Abbas: The narrated Hadith is about the various places on the way from Medina to Mecca where the Prophet (ﷺ) prayed and is not translated.,Sahih-Authentic
8.0,Prayers (Salat),487,Narrated Ibn `Abbas: The narrated Hadith is about the various places on the way from Medina to Mecca where the Prophet (ﷺ) prayed and is not translated.,Sahih-Authentic
8.0,Prayers (Salat),488,Narrated Ibn `Abbas: The narrated Hadith is about the various places on the way from Medina to Mecca where the Prophet (ﷺ) prayed and is not translated.,Sahih-Authentic
8.0,Prayers (Salat),489,Narrated Ibn `Abbas: The narrated Hadith is about the various places on the way from Medina to Mecca where the Prophet (ﷺ) prayed and is not translated.,Sahih-Authentic
8.0,Prayers (Salat),490,Narrated Ibn `Abbas: The narrated Hadith is about the various places on the way from Medina to Mecca where the Prophet (ﷺ) prayed and is not translated.,Sahih-Authentic
8.0,Prayers (Salat),491,Narrated Ibn `Abbas: The narrated Hadith is about the various places on the way from Medina to Mecca where the Prophet (ﷺ) prayed and is not translated.,Sahih-Authentic
8.0,Prayers (Salat),492,Narrated Ibn `Abbas: The narrated Hadith is about the various places on the way from Medina to Mecca where the Prophet (ﷺ) prayed and is not translated.,Sahih-Authentic
8.0,Prayers (Salat),493,Narrated Ibn `Abbas: Once I came riding a she-ass when I had just attained the age of puberty. Allah's Messenger (ﷺ) was offeringthe prayer at Mina with no wall in front of him and I passed in front of some of the row. There Idismounted and let my she-ass loose to graze and entered the row and nobody objected to me about it.,Sahih-Authentic
8.0,Prayers (Salat),494,"Narrated Ibn `Umar: Whenever Allah's Messenger (ﷺ) came out on `Id day, he used to order that a Harba [??] (a short spear) to beplanted in front of him (as a Sutra for his prayer) and then he used to pray facing it with the peoplebehind him and used to do the same while on a journey. After the Prophet (ﷺ) , this practice was adoptedby the Muslim rulers (who followed his traditions).",Sahih-Authentic
8.0,Prayers (Salat),495,"Narrated `Aun bin Abi Juhaifa: I heard my father saying, ""The Prophet (ﷺ) led us, and prayed a two-rak`at Zuhr prayer and then a tworak`at `Asr prayer at Al-Batha' [??] with a short spear (planted) in front of him (as a Sutra) whilewomen and donkeys were passing in front of him (beyond that stick).",Sahih-Authentic
8.0,Prayers (Salat),496,Narrated Sahl (bin Sa`d): The distance between the Musalla of Allah's Messenger (ﷺ) and the wall was just sufficient for a sheep topass through .,Sahih-Authentic
8.0,Prayers (Salat),497,Narrated Salama: The distance between the wall of the mosque and the pulpit was hardly enough for a sheep to passthrough.,Sahih-Authentic
8.0,Prayers (Salat),498,Narrated `Abdullah: The Prophet (ﷺ) used to get a Harba planted in front of him (as a Sutra) and pray behind it.,Sahih-Authentic
8.0,Prayers (Salat),499,"Narrated `Aun bin Abi Juhaifa: that he had heard his father saying, ""Allah's Messenger (ﷺ) came to us at midday and water was brought forhis ablution. He performed ablution and led us in Zuhr and `Asr prayers with a short stpear (or stick)planted in front of him (as a Sutra), while women and donkeys were passing beyond it.""",Sahih-Authentic
8.0,Prayers (Salat),500,"Narrated Anas Ibn Malik: Whenever the Prophet (ﷺ) went for answering the call of nature, I and another boy used to go after himwith a staff, a stick or a short spear (or stick) and a tumbler of water and when he finished fromanswering the call of nature we would hand that tumbler of water to him.",Sahih-Authentic
8.0,Prayers (Salat),501,Narrated Abu Juhaifa: Allah's Messenger (ﷺ) came out at midday and offered a two-rak`at Zuhr and `Asr prayers at Al-Batha and ashort spear (or stick) was planted in front of him (as a Sutra). He performed ablution and the peopletook the remaining water left after his ablution and rubbed their bodies with it.,Sahih-Authentic
8.0,Prayers (Salat),502,"Narrated Yazid bin Al `Ubaid: I used to accompany Salama bin Al-Akwa` and he used to pray behind the pillar which was near theplace where the Qur'ans were kept. I said, ""O Abu Muslim! I see you always seeking to pray behindthis pillar."" He replied, ""I saw Allah's Messenger (ﷺ) always seeking to pray near that pillar.""",Sahih-Authentic
8.0,Prayers (Salat),503,Narrated Anas: I saw the most famous people amongst the companions of the Prophet (ﷺ) hurrying towards the pillars atthe Maghrib prayer before the Prophet (ﷺ) came for the prayer.,Sahih-Authentic
8.0,Prayers (Salat),504,"Narrated Ibn `Umar: The Prophet (ﷺ) entered the Ka`ba along with Usama bin Zaid, `Uthman bin Talha and Bilal and remainedthere for a long time. When they came out, I was the first man to enter the Ka`ba. I asked Bilal""Where did the Prophet (ﷺ) pray?"" Bilal replied, ""Between the two front Pillars.""",Sahih-Authentic
8.0,Prayers (Salat),505,"Narrated Nafi`: `Abdullah bin `Umar said, ""Allah's Messenger (ﷺ) entered the Ka`ba along with Usama bin Zaid, Bilal and`Uthman bin Talha Al-Hajabi and closed the door and stayed there for some time. I asked Bilal whenhe came out, 'What did the Prophet (ﷺ) do?' He replied, 'He offered prayer with one pillar to his left andone to his right and three behind.' In those days the Ka`ba was supported by six pillars."" Malik said:""There were two pillars on his (the Prophet's) right side.""",Sahih-Authentic
8.0,Prayers (Salat),506,"Narrated Nafi': Whenever 'Abdullah entered the Ka'bah, he used to go ahead leaving the door of the Ka'bah behind him. He would proceed on till the remaining distance between him and the opposite wall about three cubits. Then he would off prayer there where the Prophet (ﷺ) had offered Salat, as Bilal informed me. Ibn 'Umar said, ""It does not matter for any of us to offer prayers at any place inside the Ka'bah.""",Sahih-Authentic
8.0,Prayers (Salat),507,"Narrated Nafi`: ""The Prophet (ﷺ) used to make his she-camel sit across and he would pray facing it (as a Sutra)."" I asked,""What would the Prophet (ﷺ) do if the she-camel was provoked and moved?"" He said, ""He would take itscamel-saddle and put it in front of him and pray facing its back part (as a Sutra). And Ibn `Umar usedto do the same."" (This indicates that one should not pray except behind a Sutra).",Sahih-Authentic
8.0,Prayers (Salat),508,"Narrated `Aisha: Do you make us (women) equal to dogs and donkeys? While I used to lie in my bed, the Prophet (ﷺ)would come and pray facing the middle of the bed. I used to consider it not good to stand in front ofhim in his prayers. So I used to slip away slowly and quietly from the foot of the bed till I got out ofmy guilt.",Sahih-Authentic
8.0,Prayers (Salat),509,"Narrated Abu Sa`id: The Prophet (ﷺ) said, (what is ascribed to him in the following Hadith): Narrated Abu Salih As-Samman:I saw Abu Sa`id Al-Khudri praying on a Friday, behind something which acted as a Sutra. A youngman from Bani Abi Mu'ait [??] , wanted to pass in front of him, but Abu Sa`id repulsed him with apush on his chest. Finding no alternative he again tried to pass but Abu Sa`id pushed him with agreater force. The young man abused Abu Sa`id and went to Marwan and lodged a complaint againstAbu Sa`id and Abu Sa`id followed the young man to Marwan who asked him, ""O Abu Sa`id! Whathas happened between you and the son of your brother?"" Abu Sa`id said to him, ""I heard the Prophet (ﷺ)saying, 'If anybody amongst you is praying behind something as a Sutra and somebody tries to pass infront of him, then he should repulse him and if he refuses, he should use force against him for he is aShaitan (a Satan).' """,Sahih-Authentic
8.0,Prayers (Salat),510,"Narrated Busr bin Sa`id: that Zaid bin Khalid sent him to Abi Juhaim to ask him what he had heard from Allah's Messenger (ﷺ) abouta person passing in front of another person who was praying. Abu Juhaim replied, ""Allah's Messenger (ﷺ)said, 'If the person who passes in front of another person in prayer knew the magnitude of his sin hewould prefer to wait for 40 (days, months or years) rather than to pass in front of him."" Abu An-Nadrsaid, ""I do not remember exactly whether he said 40 days, months or years.""",Sahih-Authentic
8.0,Prayers (Salat),511,"Narrated `Aisha: The things which annul the prayers were mentioned before me. They said, ""Prayer is annulled by adog, a donkey and a woman (if they pass in front of the praying people)."" I said, ""You have made us(i.e. women) dogs. I saw the Prophet (ﷺ) praying while I used to lie in my bed between him and the Qibla.Whenever I was in need of something, I would slip away. for I disliked to face him.""",Sahih-Authentic
8.0,Prayers (Salat),512,"Narrated `Aisha: The Prophet (ﷺ) used to pray while I was sleeping across in his bed in front of him. Whenever he wantedto pray witr, he would wake me up and I would pray witr.",Sahih-Authentic
8.0,Prayers (Salat),513,"Narrated `Aisha: the wife of the Prophet, ""I used to sleep in front of Allah's Messenger (ﷺ) with my legs opposite his Qibla(facing him); and whenever he prostrated, he pushed my feet and I withdrew them and whenever hestood, I stretched them."" `Aisha added, ""In those days there were no lamps in the houses.""",Sahih-Authentic
8.0,Prayers (Salat),514,"Narrated `Aisha: The things which annul prayer were mentioned before me (and those were): a dog, a donkey and awoman. I said, ""You have compared us (women) to donkeys and dogs. By Allah! I saw the Prophet (ﷺ)praying while I used to lie in (my) bed between him and the Qibla. Whenever I was in need ofsomething, I disliked to sit and trouble the Prophet. So, I would slip away by the side of his feet.""",Sahih-Authentic
8.0,Prayers (Salat),515,Narrated `Aisha: (the wife of the Prophet) Allah's Messenger (ﷺ) used to get up at night and pray while I used to lie acrossbetween him and the Qibla on his family's bed.,Sahih-Authentic
8.0,Prayers (Salat),516,"Narrated Abu Qatada Al-Ansari: Allah's Messenger (ﷺ) was praying and he was carrying Umama the daughters of Zainab, the daughter ofAllah's Messenger (ﷺ) and she was the daughter of 'As bin Rabi`a bin `Abd Shams. When he prostrated, heput her down and when he stood, he carried her (on his neck).",Sahih-Authentic
8.0,Prayers (Salat),517,Narrated Maimuna bint Al-Harith: My bed was beside the praying place (Musalla) of the Prophet (ﷺ) and sometimes his garment fell on mewhile I used to lie in my bed.,Sahih-Authentic
8.0,Prayers (Salat),518,Narrated Maimuna: The Prophet (ﷺ) used to pray while I used to sleep beside him during my periods (menses) and inprostration his garment used to touch me.,Sahih-Authentic
8.0,Prayers (Salat),519,"Narrated `Aisha: It is not good that you people have made us (women) equal to dogs and donkeys. No doubt I sawAllah's Messenger (ﷺ) praying while I used to lie between him and the Qibla and when he wanted toprostrate, he pushed my legs and I withdrew them.",Sahih-Authentic
8.0,Prayers (Salat),520,"Narrated `Amr bin Maimun [??]: `Abdullah bin Mas`ud said, ""While Allah's Messenger (ﷺ) was praying beside the Ka`ba, there were someQuraish people sitting in a gathering. One of them said, 'Don't you see this (who does deeds just toshow off)? Who amongst you can go and bring the dung, blood and the Abdominal contents(intestines, etc.) of the slaughtered camels of the family of so and so and then wait till he prostratesand put that in between his shoulders?' The most unfortunate amongst them (`Uqba bin Abi Mu'ait)went (and brought them) and when Allah's Messenger (ﷺ) prostrated, he put them between his shoulders. TheProphet remained in prostration and they laughed so much so that they fell on each other. A passerbywent to Fatima, who was a young girl in those days. She came running and the Prophet (ﷺ) was still inprostration. She removed them and cursed upon the Quraish on their faces. When Allah's Messenger (ﷺ)completed his prayer, he said, 'O Allah! Take revenge on Quraish.' He said so thrice and added, 'OAllah! take revenge on `Amr bin Hisham, `Utba bin Rabi`a, Shaiba bin Rabi`a, Al-Walid bin `Utba,Umaiya bin Khalaf, `Uqba bin Abi Mu'ait and `Umar a bin Al-Walid."" `Abdullah added, ""By Allah! Isaw all of them dead in the battle field on the day of Badr and they were dragged and thrown in theQalib (a well) at Badr: Allah's Messenger (ﷺ) then said, 'Allah's curse has descended upon the people of theQalib (well).",Sahih-Authentic
