gender,description
male,sing rhythm
male,im author novels filled family drama romance
male,louis whining squealing
male,mobile guy ers shazam google kleiner perkins yahoo sprint pcs airtouch air force stanford gsb uva dad husband brother golfer
female,ricky wilson best frontmankaiser chiefs best band xxxx thank kaiser chiefs incredible year gigs memories cherish always xxxxxxx
female,dont know
brand,global marketplace images videos music sharing photos inspiration design tips videos creative community
male,secret getting ahead getting started
female,pll fan crazy mcd ramen bae
female,renaissance art historian university nottingham fuelled haribo partial coffee soft spot renaissance china national teaching fellow
brand,clean food tastes great providing energy nutrients guilt granola veganpaleo friendly options cert organic gf kosher
brand,highly extraordinary auctions
female,senior xixiimmxiv
brand,come join fastest blog network online today httptcosmfpavgk httptcompuuqtyfg cover credit repair credit cards bankruptcy
female,im tp bo burnham disney world
female,jmkm
male,enthusiastic f fan model collector music fan film fanatic also aspergian
female,artisan specializing paper mache printmaking fibre art art teacher cat devotee find page fb httpstcogbstgicv
female,bled died take away sins
female,union j xxxx
male,start
male,bsc economics graduate coys
female,wife coach mom eight troops follower christ
brand,questions islam would like answer visit httptcoalpmzgctx chat us
brand,canadian space enthusiast future astronaut hopefully
female,dms closed sc dearmoonshine
male,rlwriter lewd aspiring femboy enjoys oneechans girlcock rts softcore rnsfw accounts listed
brand,breaking industry news people believe theres thing much tv know
male,award winning author paranormal romance thriller hath fury technology writer httptcolmmiowenqq asmsg
female,selfproclaimed princess occasional pain ass
male,ksmootyi drink alot could worse im scrolling girls nudes watching brady beat team patsnation suprememeninist alwaysturnt
brand,everything need find job keep follow tweet new job posting
male,free bros ebk otr real kno grind wea come
brand,nations leading voice childcare advocating affordable highquality ece working families undertakes research reports child care data
female,penn state alum classof
brand,mirage homage capri eternal hopeless romantic really hopeles
male,lover women dogscats dogs movies comics tv video games books wrestling existentialism adult ent
brand,collective genre specific blogs combining like voltron provide best coverage imaginable thefullbleed scifitalk geeklegacy thethmatrix
male,militante obrero de los sueos revolucionarios desde toda la vida chavista de corazn comandante vives xpre
brand,love animals fetchfind new way find jobs network pet industry mascot heyfetchy fetchylovesyou
male,baby im perfect niallofficial
male,kennedy j abulala ni mwalimu anayeienzi kazi yakemwalimu wa kiswahili
male,krothedjgmailcom instagram djkro
female,slightly ginger blue eyes park run
male,living life top food chain
female,nss ipgkk
male,home office business sweet business
female,goodmorning mentions anyone retweeet must follow back fav follow
brand,pc xbox playstation esports music edm stocks sex
male,warholian obsessor creating within orwellian nightmare allsceneeye larecord
male,blades instagram scottryan
female,control jpn version zoeojbot rayarkimplosion
brand,want life advertise service free get rid money worries
male,curious guy
brand,discover heal illness pains
brand,team di reporter e giornalisti lavoriamo con video e web la nostra giornata tra cronaca attualit politica e sport infosmliveit
female,like sleep
female,ask questions youll get lies spoopytaylor
male,photography bookings enquiries dm call email abphotographygmailcom instaabphotography teamchrist
female,born czech republic live ireland wanna germany ouat oitnb
male,angel could
male,following money opening governance fighting corruption globalintegrity opengovhub tweets
female,retired bad girl queen
female,walk faith sight
female,h ncisla bones castle arrow chicago fire chicago pd poi elementary tbbt agents shield greys anatomy last ship callen mcroll ajax lfc bara rafa nadal
male,apollo bot pulling aj dd randomly posts every hour spoilers abound construction progress complete
brand,south beach th street miami beach fl sunny isles beach collins ave c sunny isles beach fl
male,like snow beautiful cold im legal drug dealer originalextraordinary psychic want know better talk
brand,official twitter account wichita falls wildcats nahlhockey south division est restoretheroar
female,wife tidy boy amadeus director ideal place proud mother max mozart
brand,delivering uptodate news entertainment world
female,lie gets halfway around world truth chance get pants
male,lover truth seeker knowledge
male,chase trends make statement hoodlyfe httpstcoabfakidjb
female,calm collected followbackandsee
female,artist reevaluating life radiation oncology student want make difference comedian rulebreaker forcelectures live drawz httptconsfzdhfy
brand,tcg staffing firm places design interactive marketing professionals freelance fulltime jobs see jobs
female,hi name angela friends call angie boring life consisting college work nothing post bio
brand,sports media opinion established contact us jmcintyreusatodaycom
male,repair makes models phones tablets mp players ive professionally repairing electronic equipment since
male,sportswriter cigar lover dreamer pro writer sportsblog ustadium ambassador suffering yankeesnetsjets fan fau
female,charity volunteer
brand,hip hop usb albums breakstix usb break beats httptcoiaofrhv
brand,card get everywhere anything anyhow please use credit card wisely please get tips using credit card site
unknown,boring boring chelsea
brand,dallas tx news need one spot thanks following please send along suggestions may
male,maker conceptor creative developer xbacabd conception geek dev agile neutralite opensource privacy copyright
male,calm cool
female,retro modernist suffering unsightly visibility
brand,multiple sclerosis lives brant county together community partners want help living disease
male,doctorate physics time olympic swimming gold medalist professional liar
